[
  {
    "oid": "1",
    "dossier": {
      "oid":"28884"
    },
    "messageInterne": "Test Message Tojo",
    "messageExterne": "Test Message Tojo",
    "dateDeCreation": "2018-10-31T11:06:29.314Z",
    "user": {
      "identifiant": "plesage",
      "nomPrenom": "RALANTONISAINANA Tojo"

    }
  },
  {
    "oid": "2",
    "dossier": {
      "oid":"28884"
    },
    "messageInterne": "Test Message Tojo 2 ",
    "messageExterne": "Test Message Tojo 2",
    "dateDeCreation": "2018-10-31T11:06:29.314Z",
    "user": {
      "identifiant": "plesage",
      "nomPrenom": "RALANTONISAINANA Tojo"
    }
  }
]
