[{"numeroFL":108899,"numeroSIREN":"552120222","raisonSociale":"SOCIETE GENERALE","referenceApporteur":null,"vendeur":{"id":2359,"nom":"LE SAGE","prenom":"PATRICK","fax":null,"mail":"imed.essafi-ext@socgen.com","agence":{"id":136,"libelle":"PARIS","apporteur":{"id":23,"libelle":"A TEC","marche":{"id":2,"libelle":"TEC BURCOM DIRECT","groupe":{"id":1,"libelle":"TEC"},"listApporteurs":null,"code":"BCD"},"listAgences":null},"listVendeurs":null},"telephone":"0141396188","actif":true,"dateSortieAgence":null,"dateEntreeAgence":null},"phase":{"code":"MONT","libelle":"Contrat","type":null,"defaut":null,"ordre":0},"statut":{"code":"MONT_RA","libelle":"Ratification","type":null,"defaut":null,"commentaire":null,"date":null,"gestionnaire":null,"sousStatutInfo":{"code":"RAT","commentaire":null,"libelle":"Ratification"},"ordre":0},"dateCreation":1537281350000,"hasSimulation":false,"hasEtude":true,"hasContrat":false,"hasRatification":true,"hasMontage":null,"hasRightReaffectable":true,"hasActionsRight":true,"montant":{"montant":25000.0,"devise":"EUR","montantDoublePrecision":25000.0},"statutODE":"Ratification","statutCommercial":"A négocier"},{"numeroFL":107719,"numeroSIREN":"552120222","raisonSociale":"SOCIETE GENERALE","referenceApporteur":null,"vendeur":{"id":546,"nom":"JOIRON","prenom":"BERTRAND","fax":"0450273612","mail":null,"agence":{"id":110,"libelle":"ANNECY GUIDO","apporteur":{"id":23,"libelle":"A TEC","marche":{"id":2,"libelle":"TEC BURCOM DIRECT","groupe":{"id":1,"libelle":"TEC"},"listApporteurs":null,"code":"BCD"},"listAgences":null},"listVendeurs":null},"telephone":"0450272680","actif":true,"dateSortieAgence":null,"dateEntreeAgence":null},"phase":{"code":"MONT","libelle":"Contrat","type":null,"defaut":null,"ordre":0},"statut":{"code":"MONT_RA","libelle":"Ratification","type":null,"defaut":null,"commentaire":null,"date":null,"gestionnaire":null,"sousStatutInfo":{"code":"RAT","commentaire":null,"libelle":"Ratification"},"ordre":0},"dateCreation":1537177281000,"hasSimulation":true,"hasEtude":true,"hasContrat":false,"hasRatification":true,"hasMontage":null,"hasRightReaffectable":true,"hasActionsRight":true,"montant":{"montant":1000.0,"devise":"EUR","montantDoublePrecision":1000.0},"statutODE":"Ratification","statutCommercial":"A négocier"},{"numeroFL":107180,"numeroSIREN":"552120222","raisonSociale":"SOCIETE GENERALE","referenceApporteur":null,"vendeur":{"id":5441,"nom":"TECDIR","prenom":"VENDEUR 1","fax":null,"mail":"omar.bencheikh@socgen.com","agence":{"id":136,"libelle":"PARIS","apporteur":{"id":23,"libelle":"A TEC","marche":{"id":2,"libelle":"TEC BURCOM DIRECT","groupe":{"id":1,"libelle":"TEC"},"listApporteurs":null,"code":"BCD"},"listAgences":null},"listVendeurs":null},"telephone":"0101010101","actif":true,"dateSortieAgence":null,"dateEntreeAgence":null},"phase":{"code":"MONT","libelle":"Contrat","type":null,"defaut":null,"ordre":0},"statut":{"code":"MONT_RA","libelle":"Ratification","type":null,"defaut":null,"commentaire":null,"date":null,"gestionnaire":null,"sousStatutInfo":{"code":"RAT","commentaire":null,"libelle":"Ratification"},"ordre":0},"dateCreation":1536831347000,"hasSimulation":false,"hasEtude":true,"hasContrat":false,"hasRatification":true,"hasMontage":null,"hasRightReaffectable":true,"hasActionsRight":true,"montant":{"montant":25000.0,"devise":"EUR","montantDoublePrecision":25000.0},"statutODE":"Ratification","statutCommercial":"A négocier"},{"numeroFL":107179,"numeroSIREN":"552120222","raisonSociale":"SOCIETE GENERALE","referenceApporteur":null,"vendeur":{"id":2359,"nom":"LE SAGE","prenom":"PATRICK","fax":null,"mail":"imed.essafi-ext@socgen.com","agence":{"id":136,"libelle":"PARIS","apporteur":{"id":23,"libelle":"A TEC","marche":{"id":2,"libelle":"TEC BURCOM DIRECT","groupe":{"id":1,"libelle":"TEC"},"listApporteurs":null,"code":"BCD"},"listAgences":null},"listVendeurs":null},"telephone":"0141396188","actif":true,"dateSortieAgence":null,"dateEntreeAgence":null},"phase":{"code":"MONT","libelle":"Contrat","type":null,"defaut":null,"ordre":0},"statut":{"code":"MONT_RA","libelle":"Ratification","type":null,"defaut":null,"commentaire":null,"date":null,"gestionnaire":null,"sousStatutInfo":{"code":"RAT","commentaire":null,"libelle":"Ratification"},"ordre":0},"dateCreation":1536831340000,"hasSimulation":false,"hasEtude":true,"hasContrat":false,"hasRatification":true,"hasMontage":null,"hasRightReaffectable":true,"hasActionsRight":true,"montant":{"montant":25000.0,"devise":"EUR","montantDoublePrecision":25000.0},"statutODE":"Ratification","statutCommercial":"A négocier"},{"numeroFL":107161,"numeroSIREN":"552120222","raisonSociale":"SOCIETE GENERALE","referenceApporteur":null,"vendeur":{"id":2359,"nom":"LE SAGE","prenom":"PATRICK","fax":null,"mail":"imed.essafi-ext@socgen.com","agence":{"id":136,"libelle":"PARIS","apporteur":{"id":23,"libelle":"A TEC","marche":{"id":2,"libelle":"TEC BURCOM DIRECT","groupe":{"id":1,"libelle":"TEC"},"listApporteurs":null,"code":"BCD"},"listAgences":null},"listVendeurs":null},"telephone":"0141396188","actif":true,"dateSortieAgence":null,"dateEntreeAgence":null},"phase":{"code":"MONT","libelle":"Contrat","type":null,"defaut":null,"ordre":0},"statut":{"code":"MONT_RA","libelle":"Ratification","type":null,"defaut":null,"commentaire":null,"date":null,"gestionnaire":null,"sousStatutInfo":{"code":"RAT","commentaire":null,"libelle":"Ratification"},"ordre":0},"dateCreation":1536830988000,"hasSimulation":false,"hasEtude":true,"hasContrat":false,"hasRatification":true,"hasMontage":null,"hasRightReaffectable":true,"hasActionsRight":true,"montant":{"montant":25000.0,"devise":"EUR","montantDoublePrecision":25000.0},"statutODE":"Ratification","statutCommercial":"A négocier"},{"numeroFL":105123,"numeroSIREN":"552120222","raisonSociale":"SOCIETE GENERALE","referenceApporteur":null,"vendeur":{"id":3613,"nom":"AVULEUR","prenom":"EDITH","fax":null,"mail":"mireille.poncelet@frf.fr.socgen.com","agence":{"id":109,"libelle":"A BUREAUTIQUE","apporteur":{"id":23,"libelle":"A TEC","marche":{"id":2,"libelle":"TEC BURCOM DIRECT","groupe":{"id":1,"libelle":"TEC"},"listApporteurs":null,"code":"BCD"},"listAgences":null},"listVendeurs":null},"telephone":"0101010101","actif":true,"dateSortieAgence":null,"dateEntreeAgence":null},"phase":{"code":"MONT","libelle":"Contrat","type":null,"defaut":null,"ordre":0},"statut":{"code":"MONT_RA","libelle":"Ratification","type":null,"defaut":null,"commentaire":null,"date":null,"gestionnaire":null,"sousStatutInfo":{"code":"RAT","commentaire":null,"libelle":"Ratification"},"ordre":0},"dateCreation":1535466193000,"hasSimulation":false,"hasEtude":true,"hasContrat":false,"hasRatification":true,"hasMontage":null,"hasRightReaffectable":true,"hasActionsRight":true,"montant":{"montant":27500.0,"devise":"EUR","montantDoublePrecision":27500.0},"statutODE":"Ratification","statutCommercial":"A négocier"},{"numeroFL":105121,"numeroSIREN":"552120222","raisonSociale":"SOCIETE GENERALE","referenceApporteur":null,"vendeur":{"id":3613,"nom":"AVULEUR","prenom":"EDITH","fax":null,"mail":"mireille.poncelet@frf.fr.socgen.com","agence":{"id":109,"libelle":"A BUREAUTIQUE","apporteur":{"id":23,"libelle":"A TEC","marche":{"id":2,"libelle":"TEC BURCOM DIRECT","groupe":{"id":1,"libelle":"TEC"},"listApporteurs":null,"code":"BCD"},"listAgences":null},"listVendeurs":null},"telephone":"0101010101","actif":true,"dateSortieAgence":null,"dateEntreeAgence":null},"phase":{"code":"RISK","libelle":"Etude","type":null,"defaut":null,"ordre":0},"statut":{"code":"ACC","libelle":"Accordé","type":null,"defaut":null,"commentaire":null,"date":null,"gestionnaire":null,"sousStatutInfo":{"code":"ACC","commentaire":null,"libelle":"Ferme"},"ordre":0},"dateCreation":1535462009000,"hasSimulation":false,"hasEtude":true,"hasContrat":false,"hasRatification":false,"hasMontage":null,"hasRightReaffectable":true,"hasActionsRight":true,"montant":{"montant":7500.0,"devise":"EUR","montantDoublePrecision":7500.0},"statutODE":"Ferme","statutCommercial":"A négocier"},{"numeroFL":105106,"numeroSIREN":"552120222","raisonSociale":"SOCIETE GENERALE","referenceApporteur":null,"vendeur":{"id":3613,"nom":"AVULEUR","prenom":"EDITH","fax":null,"mail":"mireille.poncelet@frf.fr.socgen.com","agence":{"id":109,"libelle":"A BUREAUTIQUE","apporteur":{"id":23,"libelle":"A TEC","marche":{"id":2,"libelle":"TEC BURCOM DIRECT","groupe":{"id":1,"libelle":"TEC"},"listApporteurs":null,"code":"BCD"},"listAgences":null},"listVendeurs":null},"telephone":"0101010101","actif":true,"dateSortieAgence":null,"dateEntreeAgence":null},"phase":{"code":"MONT","libelle":"Contrat","type":null,"defaut":null,"ordre":0},"statut":{"code":"MONT_RA","libelle":"Ratification","type":null,"defaut":null,"commentaire":null,"date":null,"gestionnaire":null,"sousStatutInfo":{"code":"RAT","commentaire":null,"libelle":"Ratification"},"ordre":0},"dateCreation":1535445232000,"hasSimulation":false,"hasEtude":true,"hasContrat":false,"hasRatification":true,"hasMontage":null,"hasRightReaffectable":true,"hasActionsRight":true,"montant":{"montant":18000.0,"devise":"EUR","montantDoublePrecision":18000.0},"statutODE":"Ratification","statutCommercial":"A négocier"},{"numeroFL":105062,"numeroSIREN":"552120222","raisonSociale":"SOCIETE GENERALE","referenceApporteur":null,"vendeur":{"id":3613,"nom":"AVULEUR","prenom":"EDITH","fax":null,"mail":"mireille.poncelet@frf.fr.socgen.com","agence":{"id":109,"libelle":"A BUREAUTIQUE","apporteur":{"id":23,"libelle":"A TEC","marche":{"id":2,"libelle":"TEC BURCOM DIRECT","groupe":{"id":1,"libelle":"TEC"},"listApporteurs":null,"code":"BCD"},"listAgences":null},"listVendeurs":null},"telephone":"0101010101","actif":true,"dateSortieAgence":null,"dateEntreeAgence":null},"phase":{"code":"RISK","libelle":"Etude","type":null,"defaut":null,"ordre":0},"statut":{"code":"ACC","libelle":"Accordé","type":null,"defaut":null,"commentaire":null,"date":null,"gestionnaire":null,"sousStatutInfo":{"code":"ACC","commentaire":null,"libelle":"Ferme"},"ordre":0},"dateCreation":1535362369000,"hasSimulation":false,"hasEtude":true,"hasContrat":false,"hasRatification":false,"hasMontage":null,"hasRightReaffectable":true,"hasActionsRight":true,"montant":{"montant":1000.0,"devise":"EUR","montantDoublePrecision":1000.0},"statutODE":"Ferme","statutCommercial":"Perdu/Sans suite"},{"numeroFL":105019,"numeroSIREN":"552120222","raisonSociale":"SOCIETE GENERALE","referenceApporteur":null,"vendeur":{"id":3613,"nom":"AVULEUR","prenom":"EDITH","fax":null,"mail":"mireille.poncelet@frf.fr.socgen.com","agence":{"id":109,"libelle":"A BUREAUTIQUE","apporteur":{"id":23,"libelle":"A TEC","marche":{"id":2,"libelle":"TEC BURCOM DIRECT","groupe":{"id":1,"libelle":"TEC"},"listApporteurs":null,"code":"BCD"},"listAgences":null},"listVendeurs":null},"telephone":"0101010101","actif":true,"dateSortieAgence":null,"dateEntreeAgence":null},"phase":{"code":"MONT","libelle":"Contrat","type":null,"defaut":null,"ordre":0},"statut":{"code":"MONT_RA","libelle":"Ratification","type":null,"defaut":null,"commentaire":null,"date":null,"gestionnaire":null,"sousStatutInfo":{"code":"RAT","commentaire":null,"libelle":"Ratification"},"ordre":0},"dateCreation":1535116093000,"hasSimulation":false,"hasEtude":true,"hasContrat":false,"hasRatification":true,"hasMontage":null,"hasRightReaffectable":true,"hasActionsRight":true,"montant":{"montant":27500.0,"devise":"EUR","montantDoublePrecision":27500.0},"statutODE":"Ratification","statutCommercial":"A négocier"},{"numeroFL":104864,"numeroSIREN":"552120222","raisonSociale":"SOCIETE GENERALE","referenceApporteur":null,"vendeur":{"id":5699,"nom":"THOMAS","prenom":"NICOLAS","fax":null,"mail":null,"agence":{"id":109,"libelle":"A BUREAUTIQUE","apporteur":{"id":23,"libelle":"A TEC","marche":{"id":2,"libelle":"TEC BURCOM DIRECT","groupe":{"id":1,"libelle":"TEC"},"listApporteurs":null,"code":"BCD"},"listAgences":null},"listVendeurs":null},"telephone":"0101010101","actif":true,"dateSortieAgence":null,"dateEntreeAgence":null},"phase":{"code":"RISK","libelle":"Etude","type":null,"defaut":null,"ordre":0},"statut":{"code":"ACC","libelle":"Accordé","type":null,"defaut":null,"commentaire":null,"date":null,"gestionnaire":null,"sousStatutInfo":{"code":"ACC","commentaire":null,"libelle":"Ferme"},"ordre":0},"dateCreation":1534506633000,"hasSimulation":false,"hasEtude":true,"hasContrat":false,"hasRatification":false,"hasMontage":null,"hasRightReaffectable":true,"hasActionsRight":true,"montant":{"montant":5000.0,"devise":"EUR","montantDoublePrecision":5000.0},"statutODE":"Ferme","statutCommercial":"A négocier"},{"numeroFL":104430,"numeroSIREN":"552120222","raisonSociale":"SOCIETE GENERALE","referenceApporteur":"jjhk","vendeur":{"id":5459,"nom":"TECDIR","prenom":"AGENCE","fax":null,"mail":null,"agence":{"id":136,"libelle":"PARIS","apporteur":{"id":23,"libelle":"A TEC","marche":{"id":2,"libelle":"TEC BURCOM DIRECT","groupe":{"id":1,"libelle":"TEC"},"listApporteurs":null,"code":"BCD"},"listAgences":null},"listVendeurs":null},"telephone":"0101010101","actif":true,"dateSortieAgence":null,"dateEntreeAgence":null},"phase":{"code":"MONT","libelle":"Contrat","type":null,"defaut":null,"ordre":0},"statut":{"code":"MONT_RA","libelle":"Ratification","type":null,"defaut":null,"commentaire":null,"date":null,"gestionnaire":null,"sousStatutInfo":{"code":"RAT","commentaire":null,"libelle":"Ratification"},"ordre":0},"dateCreation":1532611283000,"hasSimulation":true,"hasEtude":true,"hasContrat":false,"hasRatification":true,"hasMontage":null,"hasRightReaffectable":true,"hasActionsRight":true,"montant":{"montant":25500.0,"devise":"EUR","montantDoublePrecision":25500.0},"statutODE":"Ratification","statutCommercial":"A négocier"},{"numeroFL":104204,"numeroSIREN":"552120222","raisonSociale":"SOCIETE GENERALE","referenceApporteur":null,"vendeur":{"id":2359,"nom":"LE SAGE","prenom":"PATRICK","fax":null,"mail":"imed.essafi-ext@socgen.com","agence":{"id":136,"libelle":"PARIS","apporteur":{"id":23,"libelle":"A TEC","marche":{"id":2,"libelle":"TEC BURCOM DIRECT","groupe":{"id":1,"libelle":"TEC"},"listApporteurs":null,"code":"BCD"},"listAgences":null},"listVendeurs":null},"telephone":"0141396188","actif":true,"dateSortieAgence":null,"dateEntreeAgence":null},"phase":{"code":"RISK","libelle":"Etude","type":null,"defaut":null,"ordre":0},"statut":{"code":"ACC","libelle":"Accordé","type":null,"defaut":null,"commentaire":null,"date":null,"gestionnaire":null,"sousStatutInfo":{"code":"ACC","commentaire":null,"libelle":"Ferme"},"ordre":0},"dateCreation":1532422576000,"hasSimulation":false,"hasEtude":true,"hasContrat":false,"hasRatification":false,"hasMontage":null,"hasRightReaffectable":true,"hasActionsRight":true,"montant":{"montant":28900.0,"devise":"EUR","montantDoublePrecision":28900.0},"statutODE":"Ferme","statutCommercial":"A négocier"},{"numeroFL":104202,"numeroSIREN":"552120222","raisonSociale":"SOCIETE GENERALE","referenceApporteur":null,"vendeur":{"id":2278,"nom":"TEST MOE","prenom":"EXTERNE","fax":null,"mail":null,"agence":{"id":109,"libelle":"A BUREAUTIQUE","apporteur":{"id":23,"libelle":"A TEC","marche":{"id":2,"libelle":"TEC BURCOM DIRECT","groupe":{"id":1,"libelle":"TEC"},"listApporteurs":null,"code":"BCD"},"listAgences":null},"listVendeurs":null},"telephone":"0123456789","actif":true,"dateSortieAgence":null,"dateEntreeAgence":null},"phase":{"code":"RISK","libelle":"Etude","type":null,"defaut":null,"ordre":0},"statut":{"code":"ACC","libelle":"Accordé","type":null,"defaut":null,"commentaire":null,"date":null,"gestionnaire":null,"sousStatutInfo":{"code":"ACC","commentaire":null,"libelle":"Ferme"},"ordre":0},"dateCreation":1532422102000,"hasSimulation":false,"hasEtude":true,"hasContrat":false,"hasRatification":false,"hasMontage":null,"hasRightReaffectable":true,"hasActionsRight":true,"montant":{"montant":25800.0,"devise":"EUR","montantDoublePrecision":25800.0},"statutODE":"Ferme","statutCommercial":"A négocier"},{"numeroFL":102740,"numeroSIREN":"431622430","raisonSociale":"GARRIGUE*BLANQUIER/ANDREE/","referenceApporteur":null,"vendeur":{"id":930,"nom":"VERNIER","prenom":"VIRGINIE","fax":"0493335974","mail":null,"agence":{"id":195,"libelle":"ANTIBES","apporteur":{"id":23,"libelle":"A TEC","marche":{"id":2,"libelle":"TEC BURCOM DIRECT","groupe":{"id":1,"libelle":"TEC"},"listApporteurs":null,"code":"BCD"},"listAgences":null},"listVendeurs":null},"telephone":"0492917080","actif":true,"dateSortieAgence":null,"dateEntreeAgence":null},"phase":{"code":"RISK","libelle":"Etude","type":null,"defaut":null,"ordre":0},"statut":{"code":"ACC","libelle":"Accordé","type":null,"defaut":null,"commentaire":null,"date":null,"gestionnaire":null,"sousStatutInfo":{"code":"ACC","commentaire":null,"libelle":"Ferme"},"ordre":0},"dateCreation":1531306220000,"hasSimulation":false,"hasEtude":true,"hasContrat":false,"hasRatification":false,"hasMontage":null,"hasRightReaffectable":true,"hasActionsRight":true,"montant":{"montant":25500.0,"devise":"EUR","montantDoublePrecision":25500.0},"statutODE":"Ferme","statutCommercial":"A négocier"},{"numeroFL":99783,"numeroSIREN":"776475766","raisonSociale":"CLUB DES SPORTS DES ARAVIS","referenceApporteur":null,"vendeur":{"id":3492,"nom":"LAMA","prenom":"CERGE","fax":null,"mail":"omar.bencheikh@socgen.com","agence":{"id":136,"libelle":"PARIS","apporteur":{"id":23,"libelle":"A TEC","marche":{"id":2,"libelle":"TEC BURCOM DIRECT","groupe":{"id":1,"libelle":"TEC"},"listApporteurs":null,"code":"BCD"},"listAgences":null},"listVendeurs":null},"telephone":"0102040555","actif":true,"dateSortieAgence":null,"dateEntreeAgence":null},"phase":{"code":"RISK","libelle":"Etude","type":null,"defaut":null,"ordre":0},"statut":{"code":"REF","libelle":"Refusé","type":null,"defaut":null,"commentaire":null,"date":null,"gestionnaire":null,"sousStatutInfo":{"code":"REF","commentaire":null,"libelle":"Refus"},"ordre":0},"dateCreation":1527863130000,"hasSimulation":false,"hasEtude":true,"hasContrat":false,"hasRatification":false,"hasMontage":null,"hasRightReaffectable":true,"hasActionsRight":true,"montant":{"montant":15000.0,"devise":"EUR","montantDoublePrecision":15000.0},"statutODE":"Refus","statutCommercial":"Perdu/Sans suite"}]
