[{"numeroFL":28327,"numeroSIREN":"552120222","raisonSociale":"SOCIETE GENERALE","referenceApporteur":null,"vendeur":{"id":4467,"nom":"ADAM","prenom":"YVES","fax":null,"mail":"yves.adam-ext@socgen.com","agence":{"id":851,"libelle":"116","apporteur":{"id":308,"libelle":"SAGEMCOM DOCUMENTS","marche":{"id":1,"libelle":"TEC BURCOM SAGEMCOM","groupe":{"id":2,"libelle":"TEC"},"listApporteurs":null,"code":"BCS"},"listAgences":null},"listVendeurs":null},"telephone":"0699618695","actif":true,"dateEntreeAgence":null,"dateSortieAgence":null},"phase":{"code":"MONT","libelle":"Contrat","type":null,"defaut":null,"ordre":0},"statut":{"code":"MONT_RA","libelle":"Ratification","type":null,"defaut":null,"commentaire":null,"date":null,"gestionnaire":null,"sousStatutInfo":{"code":"RAT","commentaire":null,"libelle":"Ratification"},"ordre":0},"dateCreation":1536073463000,"hasSimulation":false,"hasEtude":true,"hasContrat":false,"hasRatification":true,"hasMontage":null,"hasRightReaffectable":true,"hasActionsRight":true,"montant":{"montant":25500.0,"devise":"EUR","montantDoublePrecision":25500.0},"statutODE":"Ratification","statutCommercial":"A négocier"},{"numeroFL":28150,"numeroSIREN":"552120222","raisonSociale":"SOCIETE GENERALE","referenceApporteur":null,"vendeur":{"id":4467,"nom":"ADAM","prenom":"YVES","fax":null,"mail":"yves.adam-ext@socgen.com","agence":{"id":851,"libelle":"116","apporteur":{"id":308,"libelle":"SAGEMCOM DOCUMENTS","marche":{"id":1,"libelle":"TEC BURCOM SAGEMCOM","groupe":{"id":2,"libelle":"TEC"},"listApporteurs":null,"code":"BCS"},"listAgences":null},"listVendeurs":null},"telephone":"0699618695","actif":true,"dateEntreeAgence":null,"dateSortieAgence":null},"phase":{"code":"MONT","libelle":"Contrat","type":null,"defaut":null,"ordre":0},"statut":{"code":"MONT_RA","libelle":"Ratification","type":null,"defaut":null,"commentaire":null,"date":null,"gestionnaire":null,"sousStatutInfo":{"code":"RAT","commentaire":null,"libelle":"Ratification"},"ordre":0},"dateCreation":1535467872000,"hasSimulation":false,"hasEtude":true,"hasContrat":false,"hasRatification":true,"hasMontage":null,"hasRightReaffectable":true,"hasActionsRight":true,"montant":{"montant":25500.0,"devise":"EUR","montantDoublePrecision":25500.0},"statutODE":"Ratification","statutCommercial":"A négocier"},{"numeroFL":28368,"numeroSIREN":"552120222","raisonSociale":"SOCIETE GENERALE","referenceApporteur":null,"vendeur":{"id":2163,"nom":"DENIERO","prenom":"ROBERT","fax":null,"mail":"sebastien.camoit@frf.fr.socgen.com","agence":{"id":672,"libelle":"117 ETP PARIS 3","apporteur":{"id":308,"libelle":"SAGEMCOM DOCUMENTS","marche":{"id":1,"libelle":"TEC BURCOM SAGEMCOM","groupe":{"id":2,"libelle":"TEC"},"listApporteurs":null,"code":"BCS"},"listAgences":null},"listVendeurs":null},"telephone":"0101010105","actif":true,"dateEntreeAgence":null,"dateSortieAgence":null},"phase":{"code":"RISK","libelle":"Etude","type":null,"defaut":null,"ordre":0},"statut":{"code":"REF","libelle":"Refusé","type":null,"defaut":null,"commentaire":null,"date":null,"gestionnaire":null,"sousStatutInfo":{"code":"REF","commentaire":null,"libelle":"Refus"},"ordre":0},"dateCreation":1536238457000,"hasSimulation":false,"hasEtude":true,"hasContrat":false,"hasRatification":false,"hasMontage":null,"hasRightReaffectable":true,"hasActionsRight":true,"montant":{"montant":12000.0,"devise":"EUR","montantDoublePrecision":12000.0},"statutODE":"Refus","statutCommercial":"A négocier"},{"numeroFL":24991,"numeroSIREN":"421218132","raisonSociale":null,"referenceApporteur":null,"vendeur":{"id":2163,"nom":"DENIERO","prenom":"ROBERT","fax":null,"mail":"sebastien.camoit@frf.fr.socgen.com","agence":{"id":672,"libelle":"117 ETP PARIS 3","apporteur":{"id":308,"libelle":"SAGEMCOM DOCUMENTS","marche":{"id":1,"libelle":"TEC BURCOM SAGEMCOM","groupe":{"id":2,"libelle":"TEC"},"listApporteurs":null,"code":"BCS"},"listAgences":null},"listVendeurs":null},"telephone":"0101010105","actif":true,"dateEntreeAgence":null,"dateSortieAgence":null},"phase":{"code":"RISK","libelle":"Etude","type":null,"defaut":null,"ordre":0},"statut":{"code":"REF","libelle":"Refusé","type":null,"defaut":null,"commentaire":null,"date":null,"gestionnaire":null,"sousStatutInfo":{"code":"REF","commentaire":null,"libelle":"Refus"},"ordre":0},"dateCreation":1521213249000,"hasSimulation":false,"hasEtude":true,"hasContrat":false,"hasRatification":false,"hasMontage":null,"hasRightReaffectable":true,"hasActionsRight":false,"montant":{"montant":25000.0,"devise":"EUR","montantDoublePrecision":25000.0},"statutODE":"Refus","statutCommercial":"Perdu"},{"numeroFL":25289,"numeroSIREN":"380129866","raisonSociale":"ORANGE","referenceApporteur":null,"vendeur":{"id":1942,"nom":"LE SAGE","prenom":"PATRICK","fax":null,"mail":"omar.bencheikh@frf.socgen.com","agence":{"id":672,"libelle":"117 ETP PARIS 3","apporteur":{"id":308,"libelle":"SAGEMCOM DOCUMENTS","marche":{"id":1,"libelle":"TEC BURCOM SAGEMCOM","groupe":{"id":2,"libelle":"TEC"},"listApporteurs":null,"code":"BCS"},"listAgences":null},"listVendeurs":null},"telephone":"0141396188","actif":true,"dateEntreeAgence":null,"dateSortieAgence":null},"phase":{"code":"RISK","libelle":"Etude","type":null,"defaut":null,"ordre":0},"statut":{"code":"ETU","libelle":"A l'étude","type":null,"defaut":null,"commentaire":null,"date":null,"gestionnaire":null,"sousStatutInfo":{"code":"EAP","commentaire":null,"libelle":"En appel"},"ordre":0},"dateCreation":1523546183000,"hasSimulation":false,"hasEtude":true,"hasContrat":false,"hasRatification":false,"hasMontage":null,"hasRightReaffectable":true,"hasActionsRight":true,"montant":{"montant":27000.0,"devise":"EUR","montantDoublePrecision":27000.0},"statutODE":"En appel","statutCommercial":"A décider"}]
