{"materiels":[{"code":"322011","libelle":"Appareils radio-émetteurs ou récepteurs","id":16908,"catalogue":{"code":null,"id":115,"apporteur":null,"libelle":null},"identifiant":"322011"},{"code":"322020","libelle":"Fax et Télécopieurs","id":16909,"catalogue":{"code":null,"id":115,"apporteur":null,"libelle":null},"identifiant":"322020"},{"code":"322020","libelle":"Matériels de téléphonie. standards téléphoniques","id":16910,"catalogue":{"code":null,"id":115,"apporteur":null,"libelle":null},"identifiant":"322020"},{"code":"322020","libelle":"Autocommutateurs","id":16911,"catalogue":{"code":null,"id":115,"apporteur":null,"libelle":null},"identifiant":"322020"}]}
